{
  "deltas": [
    0.2,
    0.25,
    0.3,
    0.35,
    0.4
  ],
  "squeezing_db": [
    13.979400086720375,
    12.041199826559248,
    10.457574905606752,
    9.118639112994488,
    7.958800173440751
  ],
  "fno_mae": [
    0.1253804649521023,
    0.11851503920926877,
    0.11377011748015793,
    0.11659872717214695,
    0.13711682387943197
  ],
  "fno_error_rate": [
    0.0,
    0.0,
    0.0,
    0.0,
    0.0
  ],
  "binning_mae": [
    0.15857769639359534,
    0.16393514698636355,
    0.07226911119440968,
    0.04663078205668025,
    0.04593294708905726
  ],
  "binning_error_rate": [
    0.09,
    0.11,
    0.02,
    0.0,
    0.0
  ]
}