{
  "noise_sigmas": [
    0.05,
    0.1,
    0.15,
    0.2,
    0.25,
    0.3
  ],
  "fno_mae": [
    0.04449815651887979,
    0.08166545300822678,
    0.12437976287427886,
    0.1678769284239043,
    0.2035214608238627,
    0.2346597997413491
  ],
  "fno_rmse": [
    0.05532626582246355,
    0.10336656998233637,
    0.15426291175570847,
    0.20911175268953563,
    0.25518326995508567,
    0.2935527595734721
  ],
  "fno_error_rate": [
    0.0,
    0.0,
    0.0,
    0.0,
    0.0,
    0.015
  ],
  "binning_mae": [
    0.09587138050751527,
    0.0861442685204139,
    0.08116941408048248,
    0.08845161579852348,
    0.08343367048723845,
    0.10654655029669544
  ],
  "binning_rmse": [
    0.20252433952209323,
    0.2013545138154862,
    0.1919032115550547,
    0.20538007569239541,
    0.19481578347136652,
    0.25591175204974037
  ],
  "binning_error_rate": [
    0.0,
    0.015,
    0.015,
    0.055,
    0.045,
    0.045
  ]
}